Year,Company,sentiment_score_positive,sentiment_score_negative,sentiment_score_polarity,sentiment_score_subjectivity,similarity_score,nlp_result,Yearly_Return,DJIA_Return_Previous_Year,Sector
2011,AAPL,66.0,144.0,-0.371428569659864,0.0474361870233936,0.9625666462960254,0,0.2288736701089375,0.0938731635752989,Information Technology
2011,AMGN,106.0,106.0,0.0,0.0457784495690394,0.9621183743764586,0,0.1679058733197815,0.0938731635752989,Health Care
2011,AMZN,110.0,92.0,0.0891089104499558,0.0569334836367154,0.0,0,-0.0603626840541644,0.0938731635752989,Consumer Discretionary
2011,AXP,1.0,0.0,0.999999000001,0.0416666649305556,0.0,0,0.1042275965534573,0.0938731635752989,Financials
2011,BA,183.0,379.0,-0.348754447778017,0.0738890349626756,0.9829547178971224,0,0.131701029111082,0.0938731635752989,Industrials
2011,CAT,1.0,1.0,0.0,0.0444444434567901,0.892935451145154,0,-0.0196567027903464,0.0938731635752989,Industrials
2011,CRM,81.0,108.0,-0.1428571421012849,0.0435885608755561,0.9967634132661718,0,-0.2572475196276459,0.0938731635752989,Information Technology
2011,CSCO,174.0,425.0,-0.4190317188330021,0.0589161011056441,0.2185189171004287,0,-0.1076402653532665,0.0938731635752989,Information Technology
2011,CVX,0.0,0.0,0.0,0.0,1.0000000000000004,0,0.193773423561796,0.0938731635752989,Energy
2011,DIS,123.0,192.0,-0.2190476183522297,0.046666666659753,0.9984960935523456,0,0.0081894252489691,0.0938731635752989,Communication Services
2011,GS,282.0,763.0,-0.4602870808992467,0.0591833267225925,0.983204723832229,0,-0.4713496414481208,0.0938731635752989,Financials
2011,HD,72.0,83.0,-0.0709677414776274,0.0475606013968823,0.9803293298410484,0,0.2262188857611031,0.0938731635752989,Consumer Discretionary
2011,HON,206.0,268.0,-0.1308016874877601,0.0609724723358666,0.988674852803541,0,0.0285557868697596,0.0938731635752989,Industrials
2011,IBM,0.0,0.0,0.0,0.0,0.9080185510304296,0,0.2678988132062152,0.0938731635752989,Information Technology
2011,JNJ,1.0,0.0,0.999999000001,0.0263157887811634,0.9700769266025396,0,0.0819264158485213,0.0938731635752989,Health Care
2011,JPM,1.0,0.0,0.999999000001,0.0312499990234375,0.9469358080921138,0,-0.2204961966978619,0.0938731635752989,Financials
2011,KO,405.0,525.0,-0.1290322579257717,0.0563499757600369,0.9901385465573748,0,0.1038170435873624,0.0938731635752989,Consumer Staples
2011,MCD,192.0,88.0,0.3714285701020408,0.0414139920068904,0.9868008199491768,0,0.3494187656855489,0.0938731635752989,Consumer Discretionary
2011,MMM,212.0,283.0,-0.1434343431445771,0.0612017804078632,0.991715402690534,0,-0.0338505437531891,0.0938731635752989,Industrials
2011,MRK,352.0,580.0,-0.2446351928705631,0.0608315384073603,0.9946836009032656,0,0.0956012915269393,0.0938731635752989,Health Care
2011,MSFT,99.0,120.0,-0.0958904105210483,0.0363123859996165,0.9703686277651076,0,-0.0475453088832394,0.0938731635752989,Information Technology
2011,NKE,173.0,243.0,-0.1682692303647374,0.0545502229144308,0.9827514448610593,0,0.1359077780224797,0.0938731635752989,Consumer Discretionary
2011,NVDA,150.0,357.0,-0.4082840228633451,0.0750444049622491,0.9910442161903144,0,-0.1238937747672177,0.0938731635752989,Information Technology
2011,PG,4.0,0.0,0.9999997500000624,0.0377358487006052,0.9612345757186528,0,0.0633621000761865,0.0938731635752989,Consumer Staples
2011,SHW,1.0,0.0,0.999999000001,0.034482757431629,0.9501707222624468,0,0.0722180388953344,0.0938731635752989,Materials
2011,TRV,368.0,1899.0,-0.6753418611930562,0.1077010784309135,0.9879946597419929,0,0.0909451906212652,0.0938731635752989,Financials
2011,UNH,161.0,180.0,-0.0557184749099164,0.0592219520564046,0.9971006982089432,0,0.3828295914208979,0.0938731635752989,Health Care
2011,V,130.0,237.0,-0.2915531327205636,0.0504398020821275,0.996324829768014,0,0.4511946374544933,0.0938731635752989,Financials
2011,VZ,1.0,0.0,0.999999000001,0.0322580634755463,0.9774808920424004,0,0.1608320978453337,0.0938731635752989,Communication Services
2011,WMT,3.0,0.0,0.9999996666667778,0.0789473663434903,0.9999999999999998,0,0.1253029154952518,0.0938731635752989,Consumer Staples
2012,AAPL,70.0,138.0,-0.3269230753513313,0.0463768115838624,0.9913101843989822,0,0.3055851559814866,0.0468529931934538,Information Technology
2012,AMGN,111.0,123.0,-0.0512820510628972,0.0443601895650501,0.846317432193239,0,0.3704427475193677,0.0468529931934538,Health Care
2012,AMZN,116.0,100.0,0.0740740737311385,0.0581270182836041,0.9975051351916048,0,0.4012735331644068,0.0468529931934538,Consumer Discretionary
2012,AXP,1.0,0.0,0.999999000001,0.0416666649305556,0.8939305715734562,0,0.2046883641996595,0.0468529931934538,Financials
2012,BA,188.0,338.0,-0.2851711021194466,0.0731266509004411,0.993383752503048,0,0.0398443068757783,0.0468529931934538,Industrials
2012,CAT,1.0,1.0,0.0,0.0444444434567901,1.0,0,-0.0205860488046933,0.0468529931934538,Industrials
2012,CRM,170.0,166.0,0.011904761869331,0.0535885167378646,0.9955755170916798,0,0.6610673386294956,0.0468529931934538,Information Technology
2012,CSCO,139.0,409.0,-0.4927007290279184,0.0574182732546711,0.9945570351347752,0,0.0795120502351556,0.0468529931934538,Information Technology
2012,CVX,0.0,0.0,0.0,0.0,1.0000000000000004,0,0.0128236377616355,0.0468529931934538,Energy
2012,DIS,129.0,174.0,-0.1485148509950005,0.0453660727585916,0.9989740662224892,0,0.3196186299084798,0.0468529931934538,Communication Services
2012,GS,285.0,847.0,-0.4964664306568317,0.0548157474187779,0.8252951323025449,0,0.35978755501202,0.0468529931934538,Financials
2012,HD,77.0,64.0,0.092198580906393,0.0458536585216736,0.7412766079113229,0,0.4998433349744693,0.0468529931934538,Consumer Discretionary
2012,HON,218.0,274.0,-0.1138211379800383,0.0610194716531043,0.9981030208071506,0,0.1721931706995818,0.0468529931934538,Industrials
2012,IBM,0.0,0.0,0.0,0.0,0.9080185510304296,0,0.0454892966630235,0.0468529931934538,Information Technology
2012,JNJ,1.0,0.0,0.999999000001,0.0263157887811634,0.9728115603613562,0,0.1034266379222164,0.0468529931934538,Health Care
2012,JPM,1.0,0.0,0.999999000001,0.0312499990234375,0.770494647481809,0,0.2944555635617389,0.0468529931934538,Financials
2012,KO,454.0,446.0,0.0088888888790123,0.0530660377327201,0.9671544123541728,0,0.0626942086760562,0.0468529931934538,Consumer Staples
2012,MCD,188.0,85.0,0.3772893759073649,0.0405766944053839,0.9983981304702384,0,-0.0789177009216509,0.0468529931934538,Consumer Discretionary
2012,MMM,213.0,246.0,-0.0718954246799664,0.0520290183572853,0.9881452417229228,0,0.1420754452379367,0.0468529931934538,Industrials
2012,MRK,336.0,537.0,-0.2302405495644438,0.0604277704671954,0.968246663991877,0,0.1136414321164764,0.0468529931934538,Health Care
2012,MSFT,96.0,129.0,-0.1466666660148148,0.03749999999375,0.9949837013659956,0,0.025976453946455,0.0468529931934538,Information Technology
2012,NKE,179.0,261.0,-0.1863636359400826,0.0491345616918889,0.9962321916852476,0,0.0817104469052982,0.0468529931934538,Consumer Discretionary
2012,NVDA,146.0,303.0,-0.3496659234974033,0.0707866939822187,0.9621582808558268,0,-0.1211472731956194,0.0468529931934538,Information Technology
2012,PG,239.0,300.0,-0.1131725415340027,0.0589844604881829,0.610045856264166,0,0.0501471476738972,0.0468529931934538,Consumer Staples
2012,SHW,1.0,0.0,0.999999000001,0.034482757431629,0.917423502566072,0,0.7116567212619118,0.0468529931934538,Materials
2012,TRV,368.0,1940.0,-0.6811091851468332,0.107594051554352,0.9963196535628772,0,0.2523222433087424,0.0468529931934538,Financials
2012,UNH,180.0,239.0,-0.1408114555111898,0.0585113810838554,0.8481055286451196,0,0.0689411995588811,0.0468529931934538,Health Care
2012,V,127.0,224.0,-0.2763532755659451,0.0551453259929072,0.9027479873417048,0,0.483339698273338,0.0468529931934538,Financials
2012,VZ,1.0,0.0,0.999999000001,0.0322580634755463,0.9460910367114872,0,0.1428716234650853,0.0468529931934538,Communication Services
2012,WMT,3.0,0.0,0.9999996666667778,0.0789473663434903,0.9999999999999998,0,0.1588360637251489,0.0468529931934538,Consumer Staples
2013,AAPL,64.0,146.0,-0.3904761886167801,0.0462860921211624,0.954834199250966,0,0.0475084805922991,0.0570088012391101,Information Technology
2013,AMGN,115.0,130.0,-0.0612244895460224,0.0468630451325816,0.7913058320571433,0,0.3033614629580812,0.0570088012391101,Health Care
2013,AMZN,116.0,101.0,0.0691244236445879,0.0559711116698552,0.997386871685259,0,0.5498426109423293,0.0570088012391101,Consumer Discretionary
2013,AXP,1.0,0.0,0.999999000001,0.0416666649305556,0.8994332406531356,0,0.5583653822570813,0.0570088012391101,Financials
2013,BA,163.0,331.0,-0.340080970971496,0.0723809523703471,0.8655145291535533,0,0.8062420969964335,0.0570088012391101,Industrials
2013,CAT,1.0,1.0,0.0,0.040816325697626,0.8717214329391177,0,-0.0088234341807438,0.0570088012391101,Industrials
2013,CRM,194.0,248.0,-0.1221719454249503,0.0647524172187588,0.997689148930566,0,0.2897120233556793,0.0570088012391101,Information Technology
2013,CSCO,144.0,419.0,-0.4884547060595831,0.0579993818833831,0.8797152585855387,0,0.1276686910572202,0.0570088012391101,Information Technology
2013,CVX,0.0,0.0,0.0,0.0,0.8643555153951252,0,0.1687681383383443,0.0570088012391101,Energy
2013,DIS,141.0,195.0,-0.1607142852359694,0.0487168333987651,0.9100678226293486,0,0.5135659040391873,0.0570088012391101,Communication Services
2013,GS,343.0,880.0,-0.4390842187742565,0.055649087680045,0.9914006698360792,0,0.3640910088048321,0.0570088012391101,Financials
2013,HD,84.0,59.0,0.1748251736026211,0.0480995627150691,0.9736754320945532,0,0.3240684278119368,0.0570088012391101,Consumer Discretionary
2013,HON,252.0,301.0,-0.0886075947764781,0.0620024666372909,0.9940649348783804,0,0.4411958961601012,0.0570088012391101,Industrials
2013,IBM,0.0,0.0,0.0,0.0,0.952940642325252,0,-0.0261789272665031,0.0570088012391101,Information Technology
2013,JNJ,1.0,0.0,0.999999000001,0.0277777770061728,0.8650511810126529,0,0.3321811330896573,0.0570088012391101,Health Care
2013,JPM,1.0,0.0,0.999999000001,0.0312499990234375,0.9469358080921138,0,0.3370232492350367,0.0570088012391101,Financials
2013,KO,483.0,462.0,0.0222222221987066,0.0553602811918359,0.9964775623208624,0,0.1302390051826549,0.0570088012391101,Consumer Staples
2013,MCD,230.0,92.0,0.4285714272404614,0.0461185906550961,0.9100036886069932,0,0.1118735941958433,0.0570088012391101,Consumer Discretionary
2013,MMM,200.0,210.0,-0.0243902438429506,0.0483832900580147,0.9926765913795248,0,0.5130408246328146,0.0570088012391101,Industrials
2013,MRK,366.0,642.0,-0.2738095235378874,0.0702194357317854,0.9950619130586786,0,0.2559961621084223,0.0570088012391101,Health Care
2013,MSFT,118.0,153.0,-0.1291512910363421,0.0414056531640327,0.9852862999089124,0,0.3954381496717469,0.0570088012391101,Information Technology
2013,NKE,178.0,274.0,-0.2123893800610854,0.0493989070984263,0.9127097065427052,0,0.5378423576850027,0.0570088012391101,Consumer Discretionary
2013,NVDA,129.0,269.0,-0.3517587930860332,0.0659486329633887,0.9898401598622656,0,0.2869513994333967,0.0570088012391101,Information Technology
2013,PG,232.0,332.0,-0.1773049642246366,0.060808625330371,0.994738981577272,0,0.2097348254804885,0.0570088012391101,Consumer Staples
2013,SHW,1.0,0.0,0.999999000001,0.0370370356652949,0.8159466395833376,0,0.1844768495072917,0.0570088012391101,Materials
2013,TRV,394.0,1797.0,-0.6403468732814482,0.1045075125158832,0.9966114308211343,0,0.2724378655114576,0.0570088012391101,Financials
2013,UNH,185.0,222.0,-0.090909090685727,0.0577468785389121,0.991782821066822,0,0.4026737080951035,0.0570088012391101,Health Care
2013,V,101.0,202.0,-0.3333333322332233,0.0548217839596848,0.9930160946754956,0,0.4443543739139937,0.0570088012391101,Financials
2013,VZ,1.0,0.0,0.999999000001,0.0322580634755463,0.9460910367114872,0,0.1592380149670094,0.0570088012391101,Communication Services
2013,WMT,3.0,0.0,0.9999996666667778,0.0789473663434903,0.950716375124244,0,0.1644004644285159,0.0570088012391101,Consumer Staples
2014,AAPL,80.0,154.0,-0.3162393148878661,0.049555273178832,0.9940386387068264,0,0.4262841311434506,0.2359066991465477,Information Technology
2014,AMGN,114.0,131.0,-0.0693877548188254,0.0474438419737715,0.991978001375108,0,0.402191228656684,0.2359066991465477,Health Care
2014,AMZN,115.0,109.0,0.0267857141661352,0.0553496416962318,0.863500580564801,0,-0.2201673704738392,0.2359066991465477,Consumer Discretionary
2014,AXP,1.0,0.0,0.999999000001,0.0416666649305556,0.9653300455675836,0,0.0514611720463114,0.2359066991465477,Financials
2014,BA,167.0,288.0,-0.2659340653495954,0.0685344178236881,0.985845229755694,0,-0.0267490733332245,0.2359066991465477,Industrials
2014,CAT,1.0,1.0,0.0,0.040816325697626,1.0000000000000002,0,0.0455886714988453,0.2359066991465477,Industrials
2014,CRM,181.0,237.0,-0.1339712915455232,0.0615701870582456,0.9973059300725866,0,0.0811156856630217,0.2359066991465477,Information Technology
2014,CSCO,137.0,412.0,-0.5009107458999804,0.0595251002862924,0.991369185232968,0,0.2948832952907374,0.2359066991465477,Information Technology
2014,CVX,0.0,0.0,0.0,0.0,1.0000000000000004,0,-0.0641193373121116,0.2359066991465477,Energy
2014,DIS,135.0,209.0,-0.2151162784444294,0.0463174902320832,0.996135113060758,0,0.2506513532897549,0.2359066991465477,Communication Services
2014,GS,366.0,905.0,-0.4240755307442364,0.0545751212995588,0.9979309045235596,0,0.1101702705094482,0.2359066991465477,Financials
2014,HD,75.0,62.0,0.0948905102562736,0.0465986394399324,0.9841699167568316,0,0.3074544649055721,0.2359066991465477,Consumer Discretionary
2014,HON,235.0,286.0,-0.0978886754359142,0.0595837145403037,0.9990249657737522,0,0.1284518819102438,0.2359066991465477,Industrials
2014,IBM,0.0,0.0,0.0,0.0,0.8650913586232457,0,-0.1142374072887508,0.2359066991465477,Information Technology
2014,JNJ,1.0,0.0,0.999999000001,0.0277777770061728,1.0,0,0.180591836898154,0.2359066991465477,Health Care
2014,JPM,1.0,0.0,0.999999000001,0.0312499990234375,0.9731157095617312,0,0.0967517417423589,0.2359066991465477,Financials
2014,KO,429.0,440.0,-0.0126582278335348,0.0596390089863675,0.9935585837192408,0,0.0694892741135531,0.2359066991465477,Consumer Staples
2014,MCD,165.0,104.0,0.22676579841351,0.043725617678198,0.9949594333081632,0,0.0054107700220469,0.2359066991465477,Consumer Discretionary
2014,MMM,210.0,192.0,0.0447761192916016,0.0476642162618373,0.9931131536871378,0,0.2184543032952011,0.2359066991465477,Industrials
2014,MRK,376.0,668.0,-0.2796934863221326,0.0732785849601124,0.9478664313049496,0,0.1825499511518971,0.2359066991465477,Health Care
2014,MSFT,139.0,149.0,-0.0347222221016589,0.0436760691471525,0.9819354043346102,0,0.2842285177071975,0.2359066991465477,Information Technology
2014,NKE,156.0,254.0,-0.2390243896609161,0.0448872345035157,0.9888829814194646,0,0.2438752629052698,0.2359066991465477,Consumer Discretionary
2014,NVDA,118.0,232.0,-0.3257142847836735,0.0610181310911753,0.9907845096009804,0,0.2868100908666398,0.2359066991465477,Information Technology
2014,PG,251.0,314.0,-0.1115044245814081,0.061259893737259,0.9950492422100266,0,0.1667069406967674,0.2359066991465477,Consumer Staples
2014,SHW,1.0,0.0,0.999999000001,0.0370370356652949,0.9836716119338128,0,0.4571833928911952,0.2359066991465477,Materials
2014,TRV,395.0,1789.0,-0.6382783879861363,0.1027619630121506,0.8851698786332113,0,0.2123186074045855,0.2359066991465477,Financials
2014,UNH,195.0,199.0,-0.0101522842381921,0.0588850694875377,0.9934266166786864,0,0.3779184991293307,0.2359066991465477,Health Care
2014,V,106.0,222.0,-0.3536585355071386,0.0551909809767472,0.9931100344358992,0,0.1953226277132254,0.2359066991465477,Financials
2014,VZ,1.0,0.0,0.999999000001,0.0322580634755463,0.9460910367114872,0,-0.0026341926374394,0.2359066991465477,Communication Services
2014,WMT,3.0,0.0,0.9999996666667778,0.0789473663434903,0.984918288525171,0,0.1155902956462746,0.2359066991465477,Consumer Staples
2015,AAPL,94.0,159.0,-0.2569169950319486,0.0585377140077423,0.993484062000454,0,-0.0208226674295924,0.0840393724330959,Information Technology
2015,AMGN,141.0,151.0,-0.0342465752251829,0.052320372683691,0.9899412683830532,0,0.0356535474012396,0.0840393724330959,Health Care
2015,AMZN,115.0,126.0,-0.0456431533375802,0.0519844693589334,0.9923438627491008,0,1.190749334186814,0.0840393724330959,Consumer Discretionary
2015,AXP,1.0,0.0,0.999999000001,0.0416666649305556,0.8994332406531356,0,-0.2419315864798352,0.0840393724330959,Financials
2015,BA,157.0,303.0,-0.317391303657845,0.0684218354799313,0.9902184588465828,0,0.1409144100629933,0.0840393724330959,Industrials
2015,CAT,1.0,1.0,0.0,0.040816325697626,1.0000000000000002,0,-0.2326706481029777,0.0840393724330959,Industrials
2015,CRM,225.0,267.0,-0.0853658534850287,0.0606808090699702,0.8876643975998219,0,0.3234299597459198,0.0840393724330959,Information Technology
2015,CSCO,128.0,379.0,-0.4950690325541044,0.0558370043991368,0.993764282600212,0,0.0069239375852689,0.0840393724330959,Information Technology
2015,CVX,0.0,0.0,0.0,0.0,1.0000000000000004,0,-0.1646848964327295,0.0840393724330959,Energy
2015,DIS,150.0,215.0,-0.1780821912929255,0.0491516294035615,0.9974086191825752,0,0.1345990824927387,0.0840393724330959,Communication Services
2015,GS,364.0,839.0,-0.3948462174606432,0.054916461240988,0.991251861529198,0,-0.0607064750619879,0.0840393724330959,Financials
2015,HD,85.0,145.0,-0.2608695640831758,0.0642817216142309,0.970990214195477,0,0.3043754832384069,0.0840393724330959,Consumer Discretionary
2015,HON,115.0,149.0,-0.1287878783000459,0.0562539953001802,0.9963609302981888,0,0.0547458551402675,0.0840393724330959,Industrials
2015,IBM,0.0,0.0,0.0,0.0,0.8650913586232457,0,-0.12307791849777,0.0840393724330959,Information Technology
2015,JNJ,1.0,0.0,0.999999000001,0.0277777770061728,1.0,0,0.0119058331445733,0.0840393724330959,Health Care
2015,JPM,1.0,0.0,0.999999000001,0.0312499990234375,0.9599394518196488,0,0.0783494955242545,0.0840393724330959,Financials
2015,KO,396.0,424.0,-0.0341463414217727,0.0584461867385284,0.9972103969421028,0,0.0533944161107236,0.0840393724330959,Consumer Staples
2015,MCD,188.0,153.0,0.1026392958866882,0.0509944668684022,0.9927767425936904,0,0.3104438498514679,0.0840393724330959,Consumer Discretionary
2015,MMM,214.0,168.0,0.1204188478523066,0.0458253358870171,0.9926159345835464,0,-0.057624225922199,0.0840393724330959,Industrials
2015,MRK,391.0,688.0,-0.2752548653612095,0.0702016916024592,0.9940912753754108,0,-0.0456025700318408,0.0840393724330959,Health Care
2015,MSFT,91.0,173.0,-0.3106060594295225,0.0448217317411168,0.9903756432174798,0,0.2187847137306278,0.0840393724330959,Information Technology
2015,NKE,152.0,263.0,-0.2674698788735665,0.0434828164246141,0.993611221907316,0,0.3293598861067033,0.0840393724330959,Consumer Discretionary
2015,NVDA,82.0,160.0,-0.3223140482549006,0.0565420560615555,0.9879977542929076,0,0.6645138341691179,0.0840393724330959,Information Technology
2015,PG,231.0,315.0,-0.1538461535643843,0.0587981908185657,0.99293601728695,0,-0.0932247845427025,0.0840393724330959,Consumer Staples
2015,SHW,1.0,0.0,0.999999000001,0.0370370356652949,0.9676044049321668,0,-0.0012332815881256,0.0840393724330959,Materials
2015,TRV,359.0,1730.0,-0.6562948776178579,0.0998327359569972,0.9711966214275484,0,0.0951988241572308,0.0840393724330959,Financials
2015,UNH,165.0,187.0,-0.0624999998224431,0.0585009140670598,0.9933593835372064,0,0.1863508510824181,0.0840393724330959,Health Care
2015,V,108.0,192.0,-0.2799999990666666,0.0494804552120269,0.9889202476330022,0,0.1786969298031839,0.0840393724330959,Financials
2015,VZ,1.0,0.0,0.999999000001,0.0322580634755463,0.9637389605272868,0,0.0322266374511146,0.0840393724330959,Communication Services
2015,WMT,3.0,0.0,0.9999996666667778,0.0789473663434903,1.0,0,-0.2665369361698942,0.0840393724330959,Consumer Staples
2016,AAPL,94.0,165.0,-0.2741312730728522,0.0591594335177799,0.8497189236580269,0,0.1238431770352266,-0.0228767543826503,Information Technology
2016,AMGN,146.0,145.0,0.0034364261050294,0.0535418583158156,0.9951825143917068,0,-0.0522650250366353,-0.0228767543826503,Health Care
2016,AMZN,111.0,132.0,-0.0864197527307829,0.0513416437668832,0.9922333068309376,0,0.1772084014964148,-0.0228767543826503,Consumer Discretionary
2016,AXP,338.0,519.0,-0.2112018667313863,0.0585502493640397,0.3169631321066455,0,0.1173095120368248,-0.0228767543826503,Financials
2016,BA,157.0,314.0,-0.3333333326256192,0.069510035408868,0.9929134312359396,0,0.1454905441718021,-0.0228767543826503,Industrials
2016,CAT,440.0,655.0,-0.1963470317841579,0.0900271314568751,0.3881418400535131,0,0.4204315659932853,-0.0228767543826503,Industrials
2016,CRM,224.0,261.0,-0.0762886596365182,0.0597805990312115,0.9967176572969726,0,-0.1075479210420328,-0.0228767543826503,Information Technology
2016,CSCO,119.0,344.0,-0.4859611220605591,0.0516107457305082,0.9917755185761824,0,0.1748773146871571,-0.0228767543826503,Information Technology
2016,CVX,0.0,0.0,0.0,0.0,1.0000000000000004,0,0.3836871710314886,-0.0228767543826503,Energy
2016,DIS,138.0,220.0,-0.2290502786898036,0.049881566107025,0.9933831588778892,0,0.0272491324036254,-0.0228767543826503,Communication Services
2016,GS,391.0,862.0,-0.3758978448715899,0.0557508342578086,0.996739998501581,0,0.3727666054192846,-0.0228767543826503,Financials
2016,HD,83.0,145.0,-0.2719298233687288,0.0620070709649151,0.9817909758841764,0,0.0447360445441489,-0.0228767543826503,Consumer Discretionary
2016,HON,102.0,169.0,-0.2472324714124263,0.0595604395473493,0.9980872541641268,0,0.160628226222746,-0.0228767543826503,Industrials
2016,IBM,0.0,0.0,0.0,0.0,0.8650913586232457,0,0.2674895524520326,-0.0228767543826503,Information Technology
2016,JNJ,121.0,268.0,-0.3778920298768842,0.0651264021320732,0.4341955413302683,0,0.1790020162337082,-0.0228767543826503,Health Care
2016,JPM,1.0,0.0,0.999999000001,0.0312499990234375,0.9407165707304572,0,0.3870231020069388,-0.0228767543826503,Financials
2016,KO,409.0,450.0,-0.0477299184543307,0.0614713038456081,0.9972829703991806,0,0.0095894384900308,-0.0228767543826503,Consumer Staples
2016,MCD,236.0,134.0,0.2756756749306063,0.0537478210264747,0.986497362530956,0,0.0671192766505917,-0.0228767543826503,Consumer Discretionary
2016,MMM,227.0,209.0,0.0412844035750357,0.0505683136104652,0.9801722026260256,0,0.2488358618236927,-0.0228767543826503,Industrials
2016,MRK,400.0,707.0,-0.2773261063438788,0.0724950884038968,0.9953542467717248,0,0.1579955412069342,-0.0228767543826503,Health Care
2016,MSFT,100.0,227.0,-0.3883792037052623,0.0543821719517076,0.9793318354537628,0,0.1650568835545758,-0.0228767543826503,Information Technology
2016,NKE,143.0,254.0,-0.2795969766257003,0.0411313717321662,0.9928519149459564,0,-0.1638960934561452,-0.0228767543826503,Consumer Discretionary
2016,NVDA,90.0,169.0,-0.3050193038416243,0.0583859332600572,0.9838417159960116,0,2.329195715579133,-0.0228767543826503,Information Technology
2016,PG,222.0,311.0,-0.1669793617880312,0.0599954975168847,0.9876270180374424,0,0.1081155185140214,-0.0228767543826503,Consumer Staples
2016,SHW,1.0,0.0,0.999999000001,0.0370370356652949,0.951792162125523,0,0.0678287157620505,-0.0228767543826503,Materials
2016,TRV,357.0,1710.0,-0.6545718429344113,0.0997201852518467,0.9972701887379632,0,0.1388719616912936,-0.0228767543826503,Financials
2016,UNH,128.0,144.0,-0.0588235291955017,0.0585449849206747,0.9827507610721402,0,0.3981062667537616,-0.0228767543826503,Health Care
2016,V,119.0,194.0,-0.239616612652982,0.0534677143741941,0.9719984143966386,0,0.038485514898829,-0.0228767543826503,Financials
2016,VZ,1.0,0.0,0.999999000001,0.0322580634755463,0.9637389605272868,0,0.2162045176282718,-0.0228767543826503,Communication Services
2016,WMT,3.0,0.0,0.9999996666667778,0.0789473663434903,1.0,0,0.1572914732672277,-0.0228767543826503,Consumer Staples
2017,AAPL,89.0,174.0,-0.3231939151209357,0.0580445817572181,0.9930707782133932,0,0.4804253472129769,0.1524094340290951,Information Technology
2017,AMGN,127.0,131.0,-0.0155038759088997,0.0533388463813647,0.9910246911629708,0,0.1860175593922526,0.1524094340290951,Health Care
2017,AMZN,109.0,103.0,0.0283018866589533,0.0519990188736818,0.9860316055918608,0,0.5517003942803884,0.1524094340290951,Consumer Discretionary
2017,AXP,314.0,465.0,-0.1938382539231858,0.0584703144893439,0.9948522404619832,0,0.3392046443752212,0.1524094340290951,Financials
2017,BA,157.0,306.0,-0.321814254164548,0.0672671799989441,0.991873789513672,0,0.9311481587221736,0.1524094340290951,Industrials
2017,CAT,408.0,745.0,-0.2922810058176227,0.0926253213293199,0.9981680998627712,0,0.7270578763712947,0.1524094340290951,Industrials
2017,CRM,141.0,228.0,-0.2357723570846277,0.0562499999914253,0.9823507463052228,0,0.4492485424654941,0.1524094340290951,Information Technology
2017,CSCO,103.0,357.0,-0.5521739118431002,0.0540286586734756,0.9940370338309004,0,0.2989280364807083,0.1524094340290951,Information Technology
2017,CVX,0.0,0.0,0.0,0.0,1.0000000000000004,0,0.1044883109123415,0.1524094340290951,Energy
2017,DIS,125.0,229.0,-0.2937853099045612,0.0528752800518483,0.9964060095185368,0,0.0292332509097588,0.1524094340290951,Communication Services
2017,GS,404.0,861.0,-0.3612648218488025,0.0562447201077655,0.9979197528965792,0,0.0678860754032328,0.1524094340290951,Financials
2017,HD,75.0,67.0,0.0563380277722674,0.0452806122304589,0.980610611470484,0,0.4436525003755982,0.1524094340290951,Consumer Discretionary
2017,HON,122.0,191.0,-0.2204472836407435,0.0588456476670716,0.9955679496923576,0,0.3471587701920202,0.1524094340290951,Industrials
2017,IBM,0.0,0.0,0.0,0.0,0.8650913586232457,0,-0.0467695999669947,0.1524094340290951,Information Technology
2017,JNJ,113.0,263.0,-0.3989361691517655,0.0641966877131301,0.9957581670899396,0,0.2374855324671847,0.1524094340290951,Health Care
2017,JPM,1.0,0.0,0.999999000001,0.0312499990234375,0.9472898022319594,0,0.2539274320508442,0.1524094340290951,Financials
2017,KO,392.0,460.0,-0.0798122064790936,0.059567922809231,0.997573614687512,0,0.1345174418632193,0.1524094340290951,Consumer Staples
2017,MCD,227.0,106.0,0.3633633622721821,0.0525402335038592,0.9922667961940508,0,0.4759672153301293,0.1524094340290951,Consumer Discretionary
2017,MMM,238.0,281.0,-0.0828516376052955,0.055502085332531,0.9065987605841518,0,0.3529777661061788,0.1524094340290951,Industrials
2017,MRK,362.0,593.0,-0.2418848165006441,0.0729118949402266,0.9939310795963412,0,-0.0358288342923069,0.1524094340290951,Health Care
2017,MSFT,95.0,209.0,-0.3749999987664473,0.0530633618339913,0.9819389271401636,0,0.3974112339098488,0.1524094340290951,Information Technology
2017,NKE,145.0,237.0,-0.2408376957046133,0.0419043440059341,0.993770692347834,0,0.2194097678245126,0.1524094340290951,Consumer Discretionary
2017,NVDA,86.0,132.0,-0.2110091733439946,0.0554848561833838,0.9882207010867432,0,0.9042628273191236,0.1524094340290951,Information Technology
2017,PG,261.0,318.0,-0.0984455956848953,0.0600062182547407,0.9908557921253732,0,0.1253460832030661,0.1524094340290951,Consumer Staples
2017,SHW,1.0,0.0,0.999999000001,0.0370370356652949,0.9676044049321668,0,0.508584584631691,0.1524094340290951,Materials
2017,TRV,323.0,1699.0,-0.6805143418988554,0.1063594760871937,0.9953453638335732,0,0.1478338793057925,0.1524094340290951,Financials
2017,UNH,105.0,123.0,-0.0789473680747922,0.0565476190335943,0.9933926203531778,0,0.3861369261249221,0.1524094340290951,Health Care
2017,V,122.0,182.0,-0.1973684204033933,0.0520191649466086,0.9915792908709008,0,0.4443663999652101,0.1524094340290951,Financials
2017,VZ,1.0,0.0,0.999999000001,0.0333333322222222,0.936914922958063,0,0.0168946504726381,0.1524094340290951,Communication Services
2017,WMT,3.0,0.0,0.9999996666667778,0.0789473663434903,0.992488068074817,0,0.4754265421910737,0.1524094340290951,Consumer Staples
2018,AAPL,88.0,145.0,-0.2446351920831107,0.0528824330338442,0.9910735837953568,0,-0.0705432620791788,0.243311507357806,Information Technology
2018,AMGN,121.0,145.0,-0.0902255635705805,0.0503216042280889,0.9843784600842664,0,0.1321488038338139,0.243311507357806,Health Care
2018,AMZN,108.0,109.0,-0.0046082949096391,0.0506654214217451,0.9669804284194852,0,0.2632106121225375,0.243311507357806,Consumer Discretionary
2018,AXP,354.0,469.0,-0.1397326851279068,0.0597936646280301,0.995035191901203,0,-0.0225603590347464,0.243311507357806,Financials
2018,BA,145.0,267.0,-0.2961165041356395,0.0667422646903058,0.989301513116064,0,0.1077670696820216,0.243311507357806,Industrials
2018,CAT,434.0,578.0,-0.1422924899779718,0.0807532716181971,0.9976433350213588,0,-0.1727459206082927,0.243311507357806,Industrials
2018,CRM,161.0,204.0,-0.1178082188553199,0.0539701315904228,0.9929733100621996,0,0.311847597381627,0.243311507357806,Information Technology
2018,CSCO,118.0,342.0,-0.4869565206805293,0.0588235294042425,0.9911993753683904,0,0.1489173978536349,0.243311507357806,Information Technology
2018,CVX,0.0,0.0,0.0,0.0,0.9785232396175956,0,-0.1143814627987236,0.243311507357806,Energy
2018,DIS,131.0,226.0,-0.2661064418316346,0.0494596841161735,0.9956403837186536,0,-0.0036783303647875,0.243311507357806,Communication Services
2018,GS,411.0,820.0,-0.3322502028170185,0.0559189606588571,0.997491077704456,0,-0.3376184343295665,0.243311507357806,Financials
2018,HD,61.0,45.0,0.1509433948024208,0.0475336322656799,0.9358281367451888,0,-0.0655598070011438,0.243311507357806,Consumer Discretionary
2018,HON,143.0,181.0,-0.1172839502552964,0.0632936120212358,0.9958184153396462,0,-0.0847513920246483,0.243311507357806,Industrials
2018,IBM,0.0,0.0,0.0,0.0,0.9080185510304296,0,-0.2297469267475758,0.243311507357806,Information Technology
2018,JNJ,114.0,206.0,-0.2874999991015625,0.0596903562656798,0.9928680768586496,0,-0.0479759403599269,0.243311507357806,Health Care
2018,JPM,1.0,0.0,0.999999000001,0.0312499990234375,0.9472898022319594,0,-0.0749741902295461,0.243311507357806,Financials
2018,KO,389.0,465.0,-0.0889929741346686,0.0596618694942251,0.9973329959972342,0,0.0757064383358798,0.243311507357806,Consumer Staples
2018,MCD,219.0,94.0,0.3993610210883034,0.048235475412508,0.9882513338083804,0,0.0510736326883616,0.243311507357806,Consumer Discretionary
2018,MMM,246.0,277.0,-0.0592734224488079,0.0535366977117886,0.9865192216610196,0,-0.1699435737653084,0.243311507357806,Industrials
2018,MRK,327.0,513.0,-0.2214285711649659,0.0679831660676607,0.9823654714403623,0,0.4007835967959816,0.243311507357806,Health Care
2018,MSFT,95.0,160.0,-0.2549019597846982,0.0472047389768225,0.9647475836986162,0,0.2021907029570102,0.243311507357806,Information Technology
2018,NKE,128.0,220.0,-0.2643678153322764,0.0439172135229786,0.9896418263018614,0,0.1809348766962244,0.243311507357806,Consumer Discretionary
2018,NVDA,75.0,111.0,-0.1935483860561914,0.0503382949796107,0.9841167154270613,0,-0.3284546955838385,0.243311507357806,Information Technology
2018,PG,271.0,292.0,-0.0373001775536408,0.0557205067244932,0.9787200809113004,0,0.0497480133607062,0.243311507357806,Consumer Staples
2018,SHW,1.0,0.0,0.999999000001,0.0370370356652949,0.951792162125523,0,-0.0408488849342808,0.243311507357806,Materials
2018,TRV,315.0,1750.0,-0.6949152539007675,0.1062844201911429,0.996971465825526,0,-0.0713884473438811,0.243311507357806,Financials
2018,UNH,102.0,106.0,-0.0192307691383136,0.055913978479593,0.9958877449093064,0,0.1416142035686307,0.243311507357806,Health Care
2018,V,127.0,214.0,-0.2551319640611966,0.0555284155584549,0.9908213139913352,0,0.1598911945900449,0.243311507357806,Financials
2018,VZ,1.0,0.0,0.999999000001,0.0333333322222222,0.8719105016170159,0,0.1001066178277236,0.243311507357806,Communication Services
2018,WMT,135.0,139.0,-0.014598540092706,0.0490951442305867,0.4564578652560103,0,-0.0327523943632338,0.243311507357806,Consumer Staples
2019,AAPL,44.0,79.0,-0.2845528432150175,0.0468928707407957,0.975236179976106,0,0.8874246839625388,-0.0602863454475973,Information Technology
2019,AMGN,105.0,130.0,-0.1063829782707107,0.046840741469635,0.992531393668174,0,0.2944298899386863,-0.0602863454475973,Health Care
2019,AMZN,105.0,104.0,0.004784688972322,0.0528044466769064,0.9913672218473808,0,0.2005743720383446,-0.0602863454475973,Consumer Discretionary
2019,AXP,293.0,434.0,-0.1939477301321214,0.0590289054840022,0.9983034054893865,0,0.320187507856335,-0.0602863454475973,Financials
2019,BA,147.0,294.0,-0.3333333325774754,0.0664256665060362,0.9632559415524976,0,0.0292016947725632,-0.0602863454475973,Industrials
2019,CAT,444.0,449.0,-0.005599104137067,0.0791245791175682,0.9942056796511528,0,0.20166118988664,-0.0602863454475973,Industrials
2019,CRM,170.0,123.0,0.1604095557665203,0.0492519751135901,0.984062588187948,0,0.1998525480291457,-0.0602863454475973,Information Technology
2019,CSCO,90.0,275.0,-0.5068493136798649,0.0613239247208797,0.9880700107338998,0,0.14819588113512,-0.0602863454475973,Information Technology
2019,CVX,0.0,0.0,0.0,0.0,0.9785232396175956,0,0.1329499716541093,-0.0602863454475973,Energy
2019,DIS,142.0,268.0,-0.3073170724211779,0.0511540860822016,0.9749070820345296,0,0.3434665293374412,-0.0602863454475973,Communication Services
2019,GS,399.0,875.0,-0.3736263733331033,0.0570303057407659,0.9966696601128392,0,0.3641234380312874,-0.0602863454475973,Financials
2019,HD,65.0,55.0,0.0833333326388889,0.0500208419966565,0.9820586662449132,0,0.3011304392967215,-0.0602863454475973,Consumer Discretionary
2019,HON,136.0,151.0,-0.0522648081802619,0.0586912065319649,0.9983838842406144,0,0.3699586340513565,-0.0602863454475973,Industrials
2019,IBM,0.0,0.0,0.0,0.0,0.8650913586232457,0,0.2192423304825037,-0.0602863454475973,Information Technology
2019,JNJ,136.0,221.0,-0.2380952374283046,0.064185544756529,0.9941988410863618,0,0.174027174513965,-0.0602863454475973,Health Care
2019,JPM,1.0,0.0,0.999999000001,0.0312499990234375,0.9434359747449962,0,0.4475112474748102,-0.0602863454475973,Financials
2019,KO,366.0,464.0,-0.1180722890143707,0.0599407813923636,0.9970301941633086,0,0.2167873797493014,-0.0602863454475973,Consumer Staples
2019,MCD,213.0,91.0,0.4013157881535665,0.0486477836375983,0.9945108871023078,0,0.1494897216163131,-0.0602863454475973,Consumer Discretionary
2019,MMM,238.0,292.0,-0.1018867922605909,0.0504185692493894,0.9958159484551804,0,-0.0449632771680967,-0.0602863454475973,Industrials
2019,MRK,334.0,466.0,-0.16499999979375,0.0654503804249815,0.9713510257568878,0,0.2359780962810089,-0.0602863454475973,Health Care
2019,MSFT,92.0,119.0,-0.1279620847016015,0.0410985586207443,0.9974614840390548,0,0.5825923694353916,-0.0602863454475973,Information Technology
2019,NKE,108.0,162.0,-0.1999999992592592,0.0417181705745182,0.9278629567448652,0,0.382432646601492,-0.0602863454475973,Consumer Discretionary
2019,NVDA,70.0,113.0,-0.2349726763116247,0.0504966887277878,0.9873864048768464,0,0.7340990237327414,-0.0602863454475973,Information Technology
2019,PG,228.0,264.0,-0.073170731558596,0.055027401850461,0.97799744929485,0,0.4067994459812118,-0.0602863454475973,Consumer Staples
2019,SHW,1.0,0.0,0.999999000001,0.0370370356652949,0.9676044049321668,0,0.5016686762612543,-0.0602863454475973,Materials
2019,TRV,298.0,1638.0,-0.6921487599730636,0.0988663057859837,0.7300717928993066,0,0.1937693659572352,-0.0602863454475973,Financials
2019,UNH,92.0,102.0,-0.0515463914868742,0.0529765155507983,0.9974700377842696,0,0.2277781091650184,-0.0602863454475973,Health Care
2019,V,94.0,175.0,-0.3011152405163002,0.0533942040386275,0.9690643054128896,0,0.4227031800531513,-0.0602863454475973,Financials
2019,VZ,1.0,0.0,0.999999000001,0.0333333322222222,0.9612492535896064,0,0.1424286944251287,-0.0602863454475973,Communication Services
2019,WMT,115.0,144.0,-0.1119691115367988,0.0503499222297142,0.9869023499743164,0,0.2989804173250854,-0.0602863454475973,Consumer Staples
2020,AAPL,41.0,89.0,-0.3692307663905326,0.0525677314789455,0.8278261928349261,0,0.7823990511846395,0.222399802564569,Information Technology
2020,AMGN,89.0,135.0,-0.2053571419403699,0.0461000205708787,0.9880486486349936,0,-0.0159303370259897,0.222399802564569,Health Care
2020,AMZN,99.0,93.0,0.0312499998372395,0.0506195623383549,0.9753920251684282,0,0.7159709483183183,0.222399802564569,Consumer Discretionary
2020,AXP,285.0,435.0,-0.2083333330439815,0.0629480678385252,0.763336843920944,0,-0.0254793323644576,0.222399802564569,Financials
2020,BA,151.0,371.0,-0.4214559378899311,0.0737184013453299,0.9903193965488012,0,-0.3539733809311977,0.222399802564569,Industrials
2020,CAT,397.0,407.0,-0.0124378109298037,0.0755639097673342,0.9977698487639036,0,0.2456205388595036,0.222399802564569,Industrials
2020,CRM,135.0,120.0,0.0588235291810842,0.0558475689759422,0.9724166421589716,0,0.3325947549726318,0.222399802564569,Information Technology
2020,CSCO,73.0,240.0,-0.5335463241739734,0.059090050961093,0.989725572261608,0,-0.0510097067706305,0.222399802564569,Information Technology
2020,CVX,0.0,0.0,0.0,0.0,1.0000000000000004,0,-0.2651310768501314,0.222399802564569,Energy
2020,DIS,130.0,349.0,-0.4572025042647129,0.0620064724838826,0.8244848712365772,0,0.2225369703049307,0.222399802564569,Communication Services
2020,GS,425.0,796.0,-0.303849303600451,0.0569655687199325,0.9752905681961777,0,0.1525320282519451,0.222399802564569,Financials
2020,HD,43.0,66.0,-0.2110091723760626,0.0482728077731298,0.9337649256011888,0,0.2377620160787414,0.222399802564569,Consumer Discretionary
2020,HON,117.0,147.0,-0.1136363632059228,0.0619863817652062,0.8370710412706571,0,0.2039480295986477,0.222399802564569,Industrials
2020,IBM,0.0,0.0,0.0,0.0,0.7816654602712151,0,-0.0216981312863489,0.222399802564569,Information Technology
2020,JNJ,112.0,201.0,-0.284345047014872,0.0633346823020366,0.9859057079396748,0,0.1074779475328526,0.222399802564569,Health Care
2020,JPM,1.0,0.0,0.999999000001,0.0312499990234375,0.9830367812705594,0,-0.0666630616521543,0.222399802564569,Financials
2020,KO,363.0,397.0,-0.0447368420463988,0.0625617385526373,0.9782359279068424,0,0.0313995772394741,0.222399802564569,Consumer Staples
2020,MCD,497.0,597.0,-0.0914076781614189,0.0653563534222261,0.9740766582888348,0,0.0953414099949996,0.222399802564569,Consumer Discretionary
2020,MMM,217.0,361.0,-0.2491349476658565,0.0567055822567737,0.2850903480282369,0,0.0072130968454011,0.222399802564569,Industrials
2020,MRK,291.0,395.0,-0.1516034983212777,0.0609994664715454,0.97049737656901,0,-0.0830373681520676,0.222399802564569,Health Care
2020,MSFT,103.0,107.0,-0.0190476189569161,0.0388529139613593,0.9944053380349612,0,0.3994289121295564,0.222399802564569,Information Technology
2020,NKE,141.0,287.0,-0.3411214945300899,0.055019925433215,0.9606810445294728,0,0.3974380543664233,0.222399802564569,Consumer Discretionary
2020,NVDA,61.0,74.0,-0.0962962955829904,0.0512139605268535,0.9685274113157604,0,1.1802413200142985,0.222399802564569,Information Technology
2020,PG,278.0,310.0,-0.0544217686149289,0.0616675406332808,0.9686953554229032,0,0.155307381450124,0.222399802564569,Consumer Staples
2020,SHW,128.0,174.0,-0.1523178802903381,0.0677130044691226,0.4015025611685894,0,0.2964914222932313,0.222399802564569,Materials
2020,TRV,291.0,1563.0,-0.6860841420247658,0.0999030067841414,0.9725201808620704,0,0.0487961978075597,0.222399802564569,Financials
2020,UNH,84.0,78.0,0.0370370368084133,0.0526315789302691,0.9936864635273506,0,0.2186370470209169,0.222399802564569,Health Care
2020,V,95.0,214.0,-0.385113267362093,0.0659551760798388,0.8263225281425441,0,0.1515085889251866,0.222399802564569,Financials
2020,VZ,1.0,0.0,0.999999000001,0.0333333322222222,0.9706990794259536,0,0.0044165288613584,0.222399802564569,Communication Services
2020,WMT,121.0,151.0,-0.1102941172415657,0.0493916833031792,0.9533788018332972,0,0.2321873206800306,0.222399802564569,Consumer Staples
2021,AAPL,35.0,29.0,0.0937499985351562,0.0447865639994495,0.9564039546300548,0,0.3806092736272668,0.0601923058968423,Information Technology
2021,AMGN,124.0,173.0,-0.1649831644276661,0.0552763818992599,0.821962858920476,0,0.0232497775340596,0.0601923058968423,Health Care
2021,AMZN,108.0,106.0,0.0093457943488514,0.0542321337926426,0.9734460131456574,0,0.0463530323697232,0.0601923058968423,Consumer Discretionary
2021,AXP,357.0,539.0,-0.2031249997732979,0.0702689985044099,0.9169584509705088,0,0.4021282628940636,0.0601923058968423,Financials
2021,BA,174.0,514.0,-0.4941860457933342,0.0744508170030894,0.8695562534969694,0,-0.0069060471983728,0.0601923058968423,Industrials
2021,CAT,338.0,278.0,0.0974025972444763,0.0699761444882453,0.7345811169405814,0,0.1587089627019318,0.0601923058968423,Industrials
2021,CRM,139.0,147.0,-0.0279720278742236,0.0539215686172847,0.9410480239905752,0,0.1535110641842481,0.0601923058968423,Information Technology
2021,CSCO,82.0,249.0,-0.5045317205301156,0.0621129667738575,0.8689965028872157,0,0.4718714696138828,0.0601923058968423,Information Technology
2021,CVX,0.0,0.0,0.0,0.0,0.9785232396175956,0,0.4579240035674792,0.0601923058968423,Energy
2021,DIS,131.0,317.0,-0.4151785705018335,0.0661938534181155,0.9881009485785232,0,-0.1282642488398012,0.0601923058968423,Communication Services
2021,GS,461.0,887.0,-0.3160237386379645,0.0597358858433157,0.9981619836455088,0,0.46892685096856,0.0601923058968423,Financials
2021,HD,62.0,68.0,-0.0461538457988165,0.0528025994911443,0.8335904089869711,0,0.6053345675184134,0.0601923058968423,Consumer Discretionary
2021,HON,149.0,434.0,-0.4888507710311308,0.1101454751350565,0.7449460270294044,0,0.0198269190796731,0.0601923058968423,Industrials
2021,IBM,0.0,0.0,0.0,0.0,0.9176098101125716,0,0.1847877565059958,0.0601923058968423,Information Technology
2021,JNJ,118.0,224.0,-0.3099415195615745,0.0643098909243494,0.8489943685492374,0,0.1206470780070485,0.0601923058968423,Health Care
2021,JPM,1.0,0.0,0.999999000001,0.0312499990234375,0.9148076394569888,0,0.2896364450688797,0.0601923058968423,Financials
2021,KO,351.0,384.0,-0.0448979591225878,0.0688460097350275,0.9886076303024492,0,0.1576320194570051,0.0601923058968423,Consumer Staples
2021,MCD,458.0,629.0,-0.1573137073069791,0.0662885717730035,0.8977311917044826,0,0.3043843751531896,0.0601923058968423,Consumer Discretionary
2021,MMM,228.0,387.0,-0.258536584945469,0.0590154495673145,0.99343650961944,0,0.0663191773077149,0.0601923058968423,Industrials
2021,MRK,272.0,410.0,-0.2023460407590234,0.0608331103326346,0.9809833547180052,0,0.0281064687749224,0.0601923058968423,Health Care
2021,MSFT,97.0,101.0,-0.0202020200999898,0.043259777137151,0.9941282920390504,0,0.5578992020021663,0.0601923058968423,Information Technology
2021,NKE,131.0,218.0,-0.2492836669074966,0.0480055020566704,0.9698424543888132,0,0.1985956983154053,0.0601923058968423,Consumer Discretionary
2021,NVDA,64.0,81.0,-0.1172413785017836,0.0449055434980162,0.9482804359735564,0,1.2447619040674676,0.0601923058968423,Information Technology
2021,PG,270.0,292.0,-0.0391459074036549,0.0604041272506014,0.9927145380476284,0,0.2167636836212971,0.0601923058968423,Consumer Staples
2021,SHW,125.0,163.0,-0.131944443986304,0.0634640810790074,0.9802594558259964,0,0.4718656370448324,0.0601923058968423,Materials
2021,TRV,276.0,1617.0,-0.708399365711358,0.1055419268451415,0.950222860814058,0,0.1792824186354329,0.0601923058968423,Financials
2021,UNH,88.0,89.0,-0.0056497174822049,0.0493173585819678,0.6334676564178982,0,0.4569390434109082,0.0601923058968423,Health Care
2021,V,77.0,160.0,-0.3502109689864516,0.060121765585966,0.98449977985747,0,0.0012914312201581,0.0601923058968423,Financials
2021,VZ,266.0,296.0,-0.0533807828231658,0.0529539244273104,0.5048802198091054,0,-0.0770595904803401,0.0601923058968423,Communication Services
2021,WMT,133.0,156.0,-0.0795847748111253,0.0520533141116618,0.9246892803467962,0,0.0031458132854287,0.0601923058968423,Consumer Staples
2022,AAPL,27.0,37.0,-0.1562499975585937,0.0476900148675931,0.933596174455928,0,-0.2819949784501915,0.2023038738497948,Information Technology
2022,AMGN,115.0,169.0,-0.1901408444009125,0.0513655272108219,0.985063264397005,0,0.1951813411889669,0.2023038738497948,Health Care
2022,AMZN,98.0,99.0,-0.0050761421062124,0.0533008657864445,0.9921442680172592,0,-0.5070552576558551,0.2023038738497948,Consumer Discretionary
2022,AXP,341.0,534.0,-0.2205714283193469,0.0679189629691904,0.9947353797726528,0,-0.110241207501711,0.2023038738497948,Financials
2022,BA,153.0,495.0,-0.5277777769633059,0.075052119518757,0.9900941452026056,0,-0.0835658379013901,0.2023038738497948,Industrials
2022,CAT,290.0,233.0,0.1089866154703888,0.0643296432885203,0.9752809403236476,0,0.1844986540930919,0.2023038738497948,Industrials
2022,CRM,139.0,147.0,-0.0279720278742236,0.0539215686172847,1.000000000000001,0,-0.4809754556399892,0.2023038738497948,Information Technology
2022,CSCO,79.0,249.0,-0.5182926813466686,0.0573827851544116,0.9869636907892412,0,-0.2220495624819832,0.2023038738497948,Information Technology
2022,CVX,0.0,0.0,0.0,0.0,0.9261784902049124,0,0.5592451180994022,0.2023038738497948,Energy
2022,DIS,120.0,257.0,-0.3633952245002779,0.0602140233093413,0.9875224675778044,0,-0.4457769600624041,0.2023038738497948,Communication Services
2022,GS,470.0,891.0,-0.309331373762431,0.060561562761511,0.998969120471112,0,-0.1084932977540544,0.2023038738497948,Financials
2022,HD,49.0,54.0,-0.0485436888490904,0.0492587278578389,0.9753897441826792,0,-0.2075991889032199,0.2023038738497948,Consumer Discretionary
2022,HON,142.0,426.0,-0.4999999991197183,0.1075350245915306,0.9868048883706888,0,0.05770245963659,0.2023038738497948,Industrials
2022,IBM,0.0,0.0,0.0,0.0,0.8971762009003743,0,0.0870141176799645,0.2023038738497948,Information Technology
2022,JNJ,141.0,187.0,-0.1402439020114515,0.0632228218844982,0.9918847954296932,0,0.0568452550670623,0.2023038738497948,Health Care
2022,JPM,1.0,0.0,0.999999000001,0.0277777770061728,0.946555721789474,0,-0.1445107097433409,0.2023038738497948,Financials
2022,KO,271.0,323.0,-0.0875420873947103,0.0622184979509564,0.9925662903750646,0,0.1044167506155999,0.2023038738497948,Consumer Staples
2022,MCD,472.0,608.0,-0.1259259258093278,0.0672603848746801,0.993087373150175,0,0.003172754234602,0.2023038738497948,Consumer Discretionary
2022,MMM,192.0,240.0,-0.1111111108539094,0.0608793686498197,0.462840123898224,0,-0.2966993270681191,0.2023038738497948,Industrials
2022,MRK,278.0,417.0,-0.1999999997122302,0.0619926857495323,0.9919024786916426,0,0.4897429070888381,0.2023038738497948,Health Care
2022,MSFT,104.0,97.0,0.0348258704735031,0.0447761193930104,0.9971919500456912,0,-0.2768718813847765,0.2023038738497948,Information Technology
2022,NKE,131.0,199.0,-0.20606060543618,0.0481049562612091,0.984084321667365,0,-0.2817928784836698,0.2023038738497948,Consumer Discretionary
2022,NVDA,79.0,99.0,-0.1123595499305643,0.054921320563122,0.9762291903833008,0,-0.5143699003007407,0.2023038738497948,Information Technology
2022,PG,286.0,293.0,-0.0120898099963906,0.0654681139681741,0.993663141145093,0,-0.046516284998176,0.2023038738497948,Consumer Staples
2022,SHW,130.0,163.0,-0.112627985963727,0.0603999175303236,0.9837215027467926,0,-0.2934672206147927,0.2023038738497948,Materials
2022,TRV,271.0,1586.0,-0.7081313943413401,0.1054394730805451,0.994011628188548,0,0.2295572312340377,0.2023038738497948,Financials
2022,UNH,85.0,78.0,0.0429447850126086,0.0476190476051361,0.9893371315646524,0,0.0690648614158213,0.2023038738497948,Health Care
2022,V,75.0,170.0,-0.3877551004581424,0.0600343053026135,0.9834386262508408,0,-0.0546376312327731,0.2023038738497948,Financials
2022,VZ,245.0,211.0,0.07456140334526,0.046764434412187,0.987316057921492,0,-0.2075372069058191,0.2023038738497948,Communication Services
2022,WMT,115.0,143.0,-0.1085271313622979,0.0493685418964086,0.9844893873936288,0,-0.0043632886984068,0.2023038738497948,Consumer Staples
2023,AAPL,16.0,26.0,-0.238095232426304,0.0370370370043765,0.9237142017598404,0,0.5479821580852493,-0.0939675574098246,Information Technology
2023,AMGN,110.0,190.0,-0.2666666657777777,0.0521014240965436,0.992488210708608,0,0.1389363674850865,-0.0939675574098246,Health Care
2023,AMZN,100.0,102.0,-0.009900990049995,0.0546684708918353,0.9918879464196532,0,0.7704498133500892,-0.0939675574098246,Consumer Discretionary
2023,AXP,339.0,473.0,-0.1650246303386396,0.063254654509367,0.9925517585356372,0,0.2922153438325898,-0.0939675574098246,Financials
2023,BA,155.0,420.0,-0.460869564415879,0.0783272033676165,0.984904513987688,0,0.3340498719297242,-0.0939675574098246,Industrials
2023,CAT,274.0,259.0,0.0281425890653985,0.0700946869976203,0.9803935520553098,0,0.263072943124031,-0.0939675574098246,Industrials
2023,CRM,105.0,128.0,-0.0987124459282727,0.0545923148888021,0.9745656674778664,0,0.9523672909921356,-0.0939675574098246,Information Technology
2023,CSCO,80.0,224.0,-0.473684208968144,0.0574669187036924,0.988630402950402,0,0.0861197775857767,-0.0939675574098246,Information Technology
2023,CVX,0.0,1.0,-0.999999000001,0.0454545433884298,0.9166992189817348,0,-0.1090255153419265,-0.0939675574098246,Energy
2023,DIS,0.0,-0.0,0.0,0.0,0.0,0,0.0181438372355375,-0.0939675574098246,Communication Services
2023,GS,22.0,23.0,-0.022222221728395,0.0671641790042325,0.2625970076261114,0,0.1495478906603133,-0.0939675574098246,Financials
2023,HD,40.0,41.0,-0.0123456788599298,0.0432461291813955,0.9658456727867556,0,0.1275154449942617,-0.0939675574098246,Consumer Discretionary
2023,HON,160.0,431.0,-0.4585448384796196,0.118889559420863,0.9846449680618627,0,0.0001890593378797,-0.0939675574098246,Industrials
2023,IBM,0.0,0.0,0.0,0.0,0.9158549853183916,0,0.2128062937511921,-0.0939675574098246,Information Technology
2023,JNJ,116.0,210.0,-0.2883435573977191,0.0648240206671656,0.9873339289553964,0,-0.093684947444141,-0.0939675574098246,Health Care
2023,JPM,1.0,0.0,0.999999000001,0.0312499990234375,0.9531345106192544,0,0.2964060969891107,-0.0939675574098246,Financials
2023,KO,248.0,315.0,-0.1190053283854257,0.0611491256586131,0.9968711757251228,0,-0.0343257635608703,-0.0939675574098246,Consumer Staples
2023,MCD,472.0,619.0,-0.1347387716455189,0.0668668791329451,0.992664935931829,0,0.1471377962081346,-0.0939675574098246,Consumer Discretionary
2023,MMM,164.0,290.0,-0.2775330390362708,0.0644520158909068,0.9781318121312736,0,-0.053409474223994,-0.0939675574098246,Industrials
2023,MRK,284.0,389.0,-0.156017830377388,0.063068128566857,0.9908033108849832,0,0.0083720696904283,-0.0939675574098246,Health Care
2023,MSFT,91.0,121.0,-0.1415094332947668,0.0483025746073587,0.9730111398392344,0,0.5834976249765675,-0.0939675574098246,Information Technology
2023,NKE,111.0,152.0,-0.1558935355289219,0.0449572649495799,0.983009648662602,0,-0.073908652541155,-0.0939675574098246,Consumer Discretionary
2023,NVDA,66.0,97.0,-0.1901840479129813,0.054882154863676,0.9754301597009404,0,2.4609833595311397,-0.0939675574098246,Information Technology
2023,PG,242.0,248.0,-0.012244897934194,0.0636198389945962,0.994127257430804,0,-0.0086421533694562,-0.0939675574098246,Consumer Staples
2023,SHW,155.0,176.0,-0.0634441085696552,0.0675648091309318,0.9888082332182552,0,0.3159450632384324,-0.0939675574098246,Materials
2023,TRV,283.0,1577.0,-0.6956989243571511,0.1068167461030944,0.9930289162346568,0,0.0413535710110029,-0.0939675574098246,Financials
2023,UNH,74.0,74.0,0.0,0.0505291908328681,0.9852744218455648,0,0.0303795702393343,-0.0939675574098246,Health Care
2023,V,59.0,155.0,-0.4485981287448685,0.0629596940091321,0.9788502026273544,0,0.2653334541946834,-0.0939675574098246,Financials
2023,VZ,241.0,202.0,0.0880361171827627,0.0449654892361991,0.9922421375146744,0,0.0086992737642042,-0.0939675574098246,Communication Services
2023,WMT,107.0,134.0,-0.1120331945558788,0.0479601989954308,0.9869753275146684,0,0.1145863082917166,-0.0939675574098246,Consumer Staples
2024,AAPL,23.0,26.0,-0.061224488546439,0.0431338027789315,0.940810386084185,0,0.365198976805299,0.1374069585310986,Information Technology
2024,AMGN,109.0,183.0,-0.2534246566663539,0.0515172900403109,0.9915602138057032,0,-0.1017352720351306,0.1374069585310986,Health Care
2024,AMZN,102.0,84.0,0.0967741930280957,0.0521300448284388,0.9926813384458169,0,0.4760222361266428,0.1374069585310986,Consumer Discretionary
2024,AXP,343.0,528.0,-0.2123995405138926,0.0663164306329894,0.9968525814303636,0,0.5978449601227374,0.1374069585310986,Financials
2024,BA,158.0,380.0,-0.4126394044374732,0.0817753457848038,0.986664933156412,0,-0.2987368648557703,0.1374069585310986,Industrials
2024,CAT,270.0,248.0,0.042471042389052,0.0703135604628324,0.987330768143699,0,0.2600603553275313,0.1374069585310986,Industrials
2024,CRM,98.0,124.0,-0.1171171165895625,0.055251368826468,0.9871965646791858,0,0.3181401636579204,0.1374069585310986,Information Technology
2024,CSCO,79.0,224.0,-0.4785478532061127,0.0556371648814474,0.981819679871068,0,0.2099913548974377,0.1374069585310986,Information Technology
2024,CVX,0.0,1.0,-0.999999000001,0.0454545433884298,1.0000000000000004,0,-0.0016482412103581,0.1374069585310986,Energy
2024,DIS,0.0,-0.0,0.0,0.0,0.0,0,0.2325477005288503,0.1374069585310986,Communication Services
2024,GS,21.0,26.0,-0.1063829764599366,0.0672389126362819,0.966681947021052,0,0.5128603653981265,0.1374069585310986,Financials
2024,HD,35.0,44.0,-0.1139240491908348,0.0443322109739998,0.9740093962089844,0,0.1561625352844919,0.1374069585310986,Consumer Discretionary
2024,HON,0.0,0.0,0.0,0.0,0.4295000133031966,0,0.1073632511915769,0.1374069585310986,Industrials
2024,IBM,0.0,0.0,0.0,0.0,0.8949892464398898,0,0.4130776213372027,0.1374069585310986,Information Technology
2024,JNJ,145.0,198.0,-0.1545189499868252,0.0702868852314985,0.9841645070332532,0,-0.0755891929424309,0.1374069585310986,Health Care
2024,JPM,1.0,0.0,0.999999000001,0.0312499990234375,0.9430525424653924,0,0.4239588078801046,0.1374069585310986,Financials
2024,KO,242.0,264.0,-0.0434782607836398,0.0608831668799322,0.99515904451076,0,0.0686140612642949,0.1374069585310986,Consumer Staples
2024,MCD,0.0,0.0,0.0,0.0,0.3021273065164524,0,-0.0014206397588627,0.1374069585310986,Consumer Discretionary
2024,MMM,161.0,342.0,-0.3598409535589643,0.0707653348240341,0.9857150849297224,0,0.4526607917083114,0.1374069585310986,Industrials
2024,MRK,268.0,351.0,-0.134087237263187,0.0591043635959988,0.9931033704119816,0,-0.1076034695730613,0.1374069585310986,Health Care
2024,MSFT,76.0,106.0,-0.1648351639294771,0.0445423396856235,0.9946804118490324,0,0.154061689801249,0.1374069585310986,Information Technology
2024,NKE,106.0,153.0,-0.1814671807665359,0.0458407079564883,0.985315238355296,0,-0.2873718446154919,0.1374069585310986,Consumer Discretionary
2024,NVDA,91.0,90.0,0.0055248618479289,0.0582180765332203,0.9734235241397338,0,1.855194002445847,0.1374069585310986,Information Technology
2024,PG,245.0,299.0,-0.099264705699881,0.0735234491048082,0.9917959203196924,0,0.1513362388135486,0.1374069585310986,Consumer Staples
2024,SHW,149.0,170.0,-0.0658307207967689,0.0632183907920692,0.988771232626246,0,0.1202937050884365,0.1374069585310986,Materials
2024,TRV,293.0,1587.0,-0.6882978719743096,0.1081018917768902,0.994057272374212,0,0.2759031625000194,0.1374069585310986,Financials
2024,UNH,75.0,77.0,-0.013157894650277,0.050165016485094,0.9928140973025342,0,-0.0437376483311272,0.1374069585310986,Health Care
2024,V,75.0,172.0,-0.3927125490173581,0.0668832926978382,0.9709445969206908,0,0.227334541861089,0.1374069585310986,Financials
2024,VZ,202.0,238.0,-0.0818181816322314,0.0485544029961868,0.9903324402375376,0,0.0863882743433521,0.1374069585310986,Communication Services
2024,WMT,100.0,124.0,-0.1071428566645408,0.0479144384924247,0.9845638448546518,0,0.7262022112074977,0.1374069585310986,Consumer Staples
